budget,random_recall,random_precision,random_f1,uncertainty_sampling_recall,uncertainty_sampling_precision,uncertainty_sampling_f1
100,0.9566265060240964,0.010738727041575373,0.02123903274127969,0.9814665592264303,0.005336347624930996,0.01061498036925839
200,0.9313807531380753,0.013408184654676,0.02643579877440502,0.9891395154553049,0.0027814581982540713,0.005547317351999307
300,0.9397379912663756,0.013428179208785723,0.02647800676714857,0.9818809318377912,0.0043098877459817305,0.008582105028977802
400,0.9388127853881278,0.013196744460705024,0.026027622700745632,0.9803043867502238,0.004830534270324639,0.00961369622475856
500,0.9406698564593301,0.012558127650876386,0.02478536579216097,0.9860982391102873,0.004389946033370192,0.008740978677434064
