budget,random_recall,random_precision,random_f1,uncertainty_sampling_recall,uncertainty_sampling_precision,uncertainty_sampling_f1
100,0.9908003679852806,0.47226485419864067,0.6396436525612472,0.9954275262917238,0.630648899188876,0.7721227167937578
200,0.9806967984934086,0.5215322984476715,0.6809414841451453,0.985081585081585,0.7782688766114181,0.8695473251028807
300,0.9860173577627772,0.5721880246222719,0.7241501416430595,0.9933774834437086,0.7792207792207793,0.8733624454148472
400,0.983201581027668,0.5349462365591398,0.6928969359331476,0.9821944177093359,0.8173808570284341,0.89224043715847
500,0.9934143870314083,0.386327817178881,0.5563120567375885,0.9807217004448838,0.8607375271149674,0.9168207024029574
