budget,random_recall,random_precision,random_f1,uncertainty_sampling_recall,uncertainty_sampling_precision,uncertainty_sampling_f1
100,0.977403633141338,0.13050937703366267,0.2302713987473904,0.9929639401934917,0.05487908615870701,0.1040097653101177
200,0.9827820570910738,0.1598614386792453,0.2749920760697306,0.9724933451641526,0.439630966706779,0.605524861878453
300,0.9800649049605934,0.17515949954428703,0.297202305637565,0.9697386519944979,0.5259885600596866,0.6820380522412126
400,0.9819648789748457,0.17563667232597624,0.2979765248073738,0.983900643974241,0.44833368266610774,0.6159827213822895
500,0.9795819154107924,0.18870575014047575,0.31645072634471927,0.9712670748940179,0.5997673065735893,0.7415932386261463
